#{"t_start": 1764627812.7055268, "env_id": "SingleAgentCircle_cw-v0"}
r,l,t
94.749403,4955,168.829255
94.988067,4480,329.879914
94.988067,4570,513.666447
94.988067,5084,744.080964
